,City,Population (2022),Population (2020),Change,Land Area (sq mi),Land Area (km2),Population Density (sq mi),Population Density (km2)
0,New York[d],8335897,8804190,−5.32%,300.5 sq mi,778.3 km2,"29,298/sq mi","11,312/km2"
1,Los Angeles,3822238,3898747,−1.96%,469.5 sq mi,"1,216.0 km2","8,304/sq mi","3,206/km2"
2,Chicago,2665039,2746388,−2.96%,227.7 sq mi,589.7 km2,"12,061/sq mi","4,657/km2"
3,Houston,2302878,2304580,−0.07%,640.4 sq mi,"1,658.6 km2","3,599/sq mi","1,390/km2"
4,Phoenix,1644409,1608139,+2.26%,518.0 sq mi,"1,341.6 km2","3,105/sq mi","1,199/km2"
5,Philadelphia[e],1567258,1603797,−2.28%,134.4 sq mi,348.1 km2,"11,933/sq mi","4,607/km2"
6,San Antonio,1472909,1434625,+2.67%,498.8 sq mi,"1,291.9 km2","2,876/sq mi","1,110/km2"
7,San Diego,1381162,1386932,−0.42%,325.9 sq mi,844.1 km2,"4,256/sq mi","1,643/km2"
8,Dallas,1299544,1304379,−0.37%,339.6 sq mi,879.6 km2,"3,841/sq mi","1,483/km2"
9,Austin,974447,961855,+1.31%,319.9 sq mi,828.5 km2,"3,007/sq mi","1,161/km2"
10,Jacksonville[f],971319,949611,+2.29%,747.3 sq mi,"1,935.5 km2","1,271/sq mi",491/km2
11,San Jose,971233,1013240,−4.15%,178.3 sq mi,461.8 km2,"5,683/sq mi","2,194/km2"
12,Fort Worth,956709,918915,+4.11%,347.3 sq mi,899.5 km2,"2,646/sq mi","1,022/km2"
13,Columbus,907971,905748,+0.25%,220.0 sq mi,569.8 km2,"4,117/sq mi","1,590/km2"
14,Charlotte,897720,874579,+2.65%,308.3 sq mi,798.5 km2,"2,837/sq mi","1,095/km2"
15,Indianapolis[g],880621,887642,−0.79%,361.6 sq mi,936.5 km2,"2,455/sq mi",948/km2
16,San Francisco[h],808437,873965,−7.50%,46.9 sq mi,121.5 km2,"18,635/sq mi","7,195/km2"
17,Seattle,749256,737015,+1.66%,83.8 sq mi,217.0 km2,"8,795/sq mi","3,396/km2"
18,Denver[i],713252,715522,−0.32%,153.1 sq mi,396.5 km2,"4,674/sq mi","1,805/km2"
19,Oklahoma City,694800,681054,+2.02%,606.2 sq mi,"1,570.1 km2","1,123/sq mi",434/km2
20,Nashville[j],683622,689447,−0.84%,475.8 sq mi,"1,232.3 km2","1,449/sq mi",559/km2
21,El Paso,677456,678815,−0.20%,258.4 sq mi,669.3 km2,"2,627/sq mi","1,014/km2"
22,Washington[k],671803,689545,−2.57%,61.1 sq mi,158.2 km2,"11,286/sq mi","4,358/km2"
23,Las Vegas,656274,641903,+2.24%,141.8 sq mi,367.3 km2,"4,527/sq mi","1,748/km2"
24,Boston,650706,675647,−3.69%,48.3 sq mi,125.1 km2,"13,989/sq mi","5,401/km2"
25,Portland,635067,652503,−2.67%,133.5 sq mi,345.8 km2,"4,888/sq mi","1,887/km2"
26,Louisville[l],624444,633045,−1.36%,324.9 sq mi,841.5 km2,"1,948/sq mi",752/km2
27,Memphis,621056,633104,−1.90%,297.0 sq mi,769.2 km2,"2,132/sq mi",823/km2
28,Detroit,620376,639111,−2.93%,138.7 sq mi,359.2 km2,"4,608/sq mi","1,779/km2"
29,Baltimore[m],569931,585708,−2.69%,80.9 sq mi,209.5 km2,"7,240/sq mi","2,800/km2"
30,Milwaukee,563305,577222,−2.41%,96.2 sq mi,249.2 km2,"6,000/sq mi","2,300/km2"
31,Albuquerque,561008,564559,−0.63%,187.3 sq mi,485.1 km2,"3,014/sq mi","1,164/km2"
32,Tucson,546574,542629,+0.73%,241.0 sq mi,624.2 km2,"2,252/sq mi",870/km2
33,Fresno,545567,542107,+0.64%,115.2 sq mi,298.4 km2,"4,706/sq mi","1,817/km2"
34,Sacramento,528001,524943,+0.58%,98.6 sq mi,255.4 km2,"5,324/sq mi","2,056/km2"
35,Mesa,512498,504258,+1.63%,138.7 sq mi,359.2 km2,"3,636/sq mi","1,404/km2"
36,Kansas City,509297,508090,+0.24%,314.7 sq mi,815.1 km2,"1,615/sq mi",624/km2
37,Atlanta,499127,498715,+0.08%,135.3 sq mi,350.4 km2,"3,686/sq mi","1,423/km2"
38,Colorado Springs,486248,478961,+1.52%,195.4 sq mi,506.1 km2,"2,451/sq mi",946/km2
39,Omaha,485153,486051,−0.18%,141.6 sq mi,366.7 km2,"3,433/sq mi","1,325/km2"
40,Raleigh,476587,467665,+1.91%,147.1 sq mi,381.0 km2,"3,179/sq mi","1,227/km2"
41,Virginia Beach[m],455618,459470,−0.84%,244.7 sq mi,633.8 km2,"1,878/sq mi",725/km2
42,Long Beach,451307,466742,−3.31%,50.7 sq mi,131.3 km2,"9,206/sq mi","3,554/km2"
43,Miami,449514,442241,+1.64%,36.0 sq mi,93.2 km2,"12,284/sq mi","4,743/km2"
44,Oakland,430553,440646,−2.29%,55.9 sq mi,144.8 km2,"7,883/sq mi","3,044/km2"
45,Minneapolis,425096,429954,−1.13%,54.0 sq mi,139.9 km2,"7,962/sq mi","3,074/km2"
46,Tulsa,411867,413066,−0.29%,197.5 sq mi,511.5 km2,"2,091/sq mi",807/km2
47,Bakersfield,410647,403455,+1.78%,149.8 sq mi,388.0 km2,"2,693/sq mi","1,040/km2"
48,Tampa,398173,384959,+3.43%,114.0 sq mi,295.3 km2,"3,377/sq mi","1,304/km2"
49,Wichita,396192,397532,−0.34%,162.0 sq mi,419.6 km2,"2,454/sq mi",947/km2
50,Arlington,394602,394266,+0.09%,95.9 sq mi,248.4 km2,"4,111/sq mi","1,587/km2"
51,Aurora,393537,386261,+1.88%,160.1 sq mi,414.7 km2,"2,413/sq mi",932/km2
52,New Orleans[n],369749,383997,−3.71%,169.5 sq mi,439.0 km2,"2,265/sq mi",875/km2
53,Cleveland,361607,372624,−2.96%,77.7 sq mi,201.2 km2,"4,796/sq mi","1,852/km2"
54,Anaheim,344461,346824,−0.68%,50.3 sq mi,130.3 km2,"6,895/sq mi","2,662/km2"
55,Honolulu[o],343421,350964,−2.15%,60.5 sq mi,156.7 km2,"5,801/sq mi","2,240/km2"
56,Henderson,331415,317610,+4.35%,106.2 sq mi,275.1 km2,"2,991/sq mi","1,155/km2"
57,Stockton,321819,320804,+0.32%,62.2 sq mi,161.1 km2,"5,158/sq mi","1,992/km2"
58,Riverside,320764,314998,+1.83%,81.2 sq mi,210.3 km2,"3,879/sq mi","1,498/km2"
59,Lexington[p],320347,322570,−0.69%,283.6 sq mi,734.5 km2,"1,137/sq mi",439/km2
60,Corpus Christi,316239,317863,−0.51%,162.2 sq mi,420.1 km2,"1,960/sq mi",760/km2
61,Orlando,316081,307573,+2.77%,110.6 sq mi,286.5 km2,"2,781/sq mi","1,074/km2"
62,Irvine,313685,307670,+1.96%,65.6 sq mi,169.9 km2,"4,690/sq mi","1,810/km2"
63,Cincinnati,309513,309317,+0.06%,77.8 sq mi,201.5 km2,"3,976/sq mi","1,535/km2"
64,Santa Ana,308189,310227,−0.66%,27.3 sq mi,70.7 km2,"11,364/sq mi","4,388/km2"
65,Newark,305344,311549,−1.99%,24.1 sq mi,62.4 km2,"12,927/sq mi","4,991/km2"
66,Saint Paul,303176,311527,−2.68%,52.0 sq mi,134.7 km2,"5,991/sq mi","2,313/km2"
67,Pittsburgh,302898,302971,−0.02%,55.4 sq mi,143.5 km2,"5,469/sq mi","2,112/km2"
68,Greensboro,301115,299035,+0.70%,129.6 sq mi,335.7 km2,"2,307/sq mi",891/km2
69,Lincoln,292627,291082,+0.53%,97.7 sq mi,253.0 km2,"2,979/sq mi","1,150/km2"
70,Durham,291928,283506,+2.97%,112.8 sq mi,292.2 km2,"2,513/sq mi",970/km2
71,Plano,289547,285494,+1.42%,71.7 sq mi,185.7 km2,"3,982/sq mi","1,537/km2"
72,Anchorage[q],287145,291247,−1.41%,"1,706.8 sq mi","4,420.6 km2",171/sq mi,66/km2
73,Jersey City,286670,292449,−1.98%,14.7 sq mi,38.1 km2,"19,894/sq mi","7,681/km2"
74,St. Louis[m],286578,301578,−4.97%,61.7 sq mi,159.8 km2,"4,888/sq mi","1,887/km2"
75,Chandler,280711,275987,+1.71%,65.3 sq mi,169.1 km2,"4,226/sq mi","1,632/km2"
76,North Las Vegas,280543,262527,+6.86%,101.3 sq mi,262.4 km2,"2,592/sq mi","1,001/km2"
77,Chula Vista,279170,275487,+1.34%,49.6 sq mi,128.5 km2,"5,554/sq mi","2,144/km2"
78,Buffalo,276486,278349,−0.67%,40.4 sq mi,104.6 km2,"6,890/sq mi","2,660/km2"
79,Gilbert[r],275346,267918,+2.77%,68.6 sq mi,177.7 km2,"3,906/sq mi","1,508/km2"
80,Reno,273448,264165,+3.51%,108.8 sq mi,281.8 km2,"2,428/sq mi",937/km2
81,Madison,272903,269840,+1.14%,79.6 sq mi,206.2 km2,"3,390/sq mi","1,310/km2"
82,Fort Wayne,267927,263886,+1.53%,110.7 sq mi,286.7 km2,"2,384/sq mi",920/km2
83,Toledo,266301,270871,−1.69%,80.5 sq mi,208.5 km2,"3,365/sq mi","1,299/km2"
84,Lubbock,263930,257141,+2.64%,134.6 sq mi,348.6 km2,"1,910/sq mi",740/km2
85,St. Petersburg,261256,258308,+1.14%,61.8 sq mi,160.1 km2,"4,180/sq mi","1,610/km2"
86,Laredo,256187,255205,+0.38%,106.5 sq mi,275.8 km2,"2,396/sq mi",925/km2
87,Irving,254715,256684,−0.77%,67.0 sq mi,173.5 km2,"3,831/sq mi","1,479/km2"
88,Chesapeake[m],252488,249422,+1.23%,338.5 sq mi,876.7 km2,737/sq mi,285/km2
89,Glendale,252136,248325,+1.53%,61.6 sq mi,159.5 km2,"4,031/sq mi","1,556/km2"
90,Winston-Salem,251350,249545,+0.72%,132.7 sq mi,343.7 km2,"1,881/sq mi",726/km2
91,Scottsdale,243050,241361,+0.70%,184.0 sq mi,476.6 km2,"1,312/sq mi",507/km2
92,Garland,240854,246018,−2.10%,57.1 sq mi,147.9 km2,"4,309/sq mi","1,664/km2"
93,Boise[s],236634,235684,+0.40%,84.0 sq mi,217.6 km2,"2,806/sq mi","1,083/km2"
94,Norfolk[m],232995,238005,−2.10%,53.3 sq mi,138.0 km2,"4,465/sq mi","1,724/km2"
95,Port St. Lucie,231790,204851,+13.15%,119.2 sq mi,308.7 km2,"1,719/sq mi",664/km2
96,Spokane,230160,228989,+0.51%,68.8 sq mi,178.2 km2,"3,328/sq mi","1,285/km2"
97,Richmond[m],229395,226610,+1.23%,59.9 sq mi,155.1 km2,"3,783/sq mi","1,461/km2"
98,Fremont,223871,230504,−2.88%,78.3 sq mi,202.8 km2,"2,944/sq mi","1,137/km2"
99,Huntsville,221933,215006,+3.22%,218.1 sq mi,564.9 km2,986/sq mi,381/km2
100,Tacoma,221776,219346,+1.11%,49.7 sq mi,128.7 km2,"4,413/sq mi","1,704/km2"
101,Baton Rouge[t],221453,227470,−2.65%,86.3 sq mi,223.5 km2,"2,636/sq mi","1,018/km2"
102,Santa Clarita,221345,228673,−3.20%,70.8 sq mi,183.4 km2,"3,230/sq mi","1,250/km2"
103,San Bernardino,220328,222101,−0.80%,62.1 sq mi,160.8 km2,"3,577/sq mi","1,381/km2"
104,Hialeah,220292,223109,−1.26%,21.6 sq mi,55.9 km2,"10,329/sq mi","3,988/km2"
105,Frisco,219587,200509,+9.51%,68.6 sq mi,177.7 km2,"2,923/sq mi","1,129/km2"
106,Modesto,218069,218464,−0.18%,43.0 sq mi,111.4 km2,"5,081/sq mi","1,962/km2"
107,Cape Coral,216992,194016,+11.84%,106.0 sq mi,274.5 km2,"1,830/sq mi",710/km2
108,Fontana,212475,208393,+1.96%,43.1 sq mi,111.6 km2,"4,835/sq mi","1,867/km2"
109,Moreno Valley,211924,208634,+1.58%,51.3 sq mi,132.9 km2,"4,067/sq mi","1,570/km2"
110,Des Moines,211034,214133,−1.45%,88.2 sq mi,228.4 km2,"2,428/sq mi",937/km2
111,Rochester,209352,211328,−0.94%,35.8 sq mi,92.7 km2,"5,903/sq mi","2,279/km2"
112,Fayetteville,208873,208501,+0.18%,148.3 sq mi,384.1 km2,"1,406/sq mi",543/km2
113,Yonkers,208121,211569,−1.63%,18.0 sq mi,46.6 km2,"11,754/sq mi","4,538/km2"
114,McKinney,207507,195308,+6.25%,67.0 sq mi,173.5 km2,"2,915/sq mi","1,125/km2"
115,Worcester,205319,206518,−0.58%,37.4 sq mi,96.9 km2,"5,522/sq mi","2,132/km2"
116,Salt Lake City,204657,199723,+2.47%,110.3 sq mi,285.7 km2,"1,811/sq mi",699/km2
117,Little Rock,202864,202591,+0.13%,120.0 sq mi,310.8 km2,"1,688/sq mi",652/km2
118,Columbus[u],202616,206922,−2.08%,216.5 sq mi,560.7 km2,956/sq mi,369/km2
119,Augusta[v],202096,202081,+0.01%,302.3 sq mi,783.0 km2,668/sq mi,258/km2
120,Sioux Falls,202078,192517,+4.97%,79.1 sq mi,204.9 km2,"2,434/sq mi",940/km2
121,Grand Prairie,201843,196100,+2.93%,72.6 sq mi,188.0 km2,"2,701/sq mi","1,043/km2"
122,Tallahassee,201731,196169,+2.84%,100.9 sq mi,261.3 km2,"1,944/sq mi",751/km2
123,Amarillo,201291,200393,+0.45%,102.3 sq mi,265.0 km2,"1,959/sq mi",756/km2
124,Oxnard,200415,202063,−0.82%,26.5 sq mi,68.6 km2,"7,625/sq mi","2,944/km2"
125,Peoria,197866,190985,+3.60%,176.1 sq mi,456.1 km2,"1,085/sq mi",419/km2
126,Overland Park,197726,197238,+0.25%,75.2 sq mi,194.8 km2,"2,623/sq mi","1,013/km2"
127,Montgomery,196986,200603,−1.80%,159.9 sq mi,414.1 km2,"1,255/sq mi",485/km2
128,Birmingham,196910,200733,−1.90%,147.0 sq mi,380.7 km2,"1,366/sq mi",527/km2
129,Grand Rapids,196908,198917,−1.01%,44.8 sq mi,116.0 km2,"4,440/sq mi","1,710/km2"
130,Knoxville,195889,190740,+2.70%,98.7 sq mi,255.6 km2,"1,933/sq mi",746/km2
131,Vancouver,194512,190915,+1.88%,48.7 sq mi,126.1 km2,"3,920/sq mi","1,510/km2"
132,Huntington Beach,194310,198711,−2.21%,27.0 sq mi,69.9 km2,"7,360/sq mi","2,840/km2"
133,Providence,189563,190934,−0.72%,18.4 sq mi,47.7 km2,"10,377/sq mi","4,007/km2"
134,Brownsville,189382,186738,+1.42%,131.5 sq mi,340.6 km2,"1,420/sq mi",550/km2
135,Glendale,189221,196543,−3.73%,30.5 sq mi,79.0 km2,"6,444/sq mi","2,488/km2"
136,Akron,188509,190469,−1.03%,61.9 sq mi,160.3 km2,"3,077/sq mi","1,188/km2"
137,Tempe,185950,180587,+2.97%,39.9 sq mi,103.3 km2,"4,526/sq mi","1,747/km2"
138,Newport News[m],184306,186247,−1.04%,69.0 sq mi,178.7 km2,"2,699/sq mi","1,042/km2"
139,Chattanooga,184086,181099,+1.65%,142.4 sq mi,368.8 km2,"1,272/sq mi",491/km2
140,Mobile,183289,187041,−2.01%,139.5 sq mi,361.3 km2,"1,341/sq mi",518/km2
141,Fort Lauderdale,183146,182760,+0.21%,34.6 sq mi,89.6 km2,"5,282/sq mi","2,039/km2"
142,Cary,180388,174721,+3.24%,59.2 sq mi,153.3 km2,"2,951/sq mi","1,139/km2"
143,Shreveport,180153,187593,−3.97%,107.8 sq mi,279.2 km2,"1,740/sq mi",670/km2
144,Ontario,179061,175265,+2.17%,50.0 sq mi,129.5 km2,"3,505/sq mi","1,353/km2"
145,Eugene,177923,176654,+0.72%,44.2 sq mi,114.5 km2,"3,997/sq mi","1,543/km2"
146,Aurora,177866,180542,−1.48%,45.0 sq mi,116.5 km2,"4,012/sq mi","1,549/km2"
147,Elk Grove,177558,176124,+0.81%,42.0 sq mi,108.8 km2,"4,193/sq mi","1,619/km2"
148,Salem,177487,175535,+1.11%,48.8 sq mi,126.4 km2,"3,597/sq mi","1,389/km2"
149,Santa Rosa,177181,178127,−0.53%,42.5 sq mi,110.1 km2,"4,191/sq mi","1,618/km2"
150,Clarksville,176974,166722,+6.15%,99.4 sq mi,257.4 km2,"1,677/sq mi",647/km2
151,Rancho Cucamonga,176336,174453,+1.08%,40.1 sq mi,103.9 km2,"4,350/sq mi","1,680/km2"
152,Oceanside,172199,174068,−1.07%,41.3 sq mi,107.0 km2,"4,215/sq mi","1,627/km2"
153,Springfield,170067,169176,+0.53%,82.4 sq mi,213.4 km2,"2,053/sq mi",793/km2
154,Pembroke Pines,169876,171178,−0.76%,32.7 sq mi,84.7 km2,"5,235/sq mi","2,021/km2"
155,Garden Grove,169254,171949,−1.57%,18.0 sq mi,46.6 km2,"9,553/sq mi","3,688/km2"
156,Fort Collins,169249,169810,−0.33%,57.2 sq mi,148.1 km2,"2,969/sq mi","1,146/km2"
157,Lancaster,169185,173516,−2.50%,94.3 sq mi,244.2 km2,"1,840/sq mi",710/km2
158,Palmdale,163463,169450,−3.53%,106.1 sq mi,274.8 km2,"1,597/sq mi",617/km2
159,Murfreesboro,162398,152769,+6.30%,62.9 sq mi,162.9 km2,"2,429/sq mi",938/km2
160,Salinas,161020,163542,−1.54%,23.5 sq mi,60.9 km2,"6,959/sq mi","2,687/km2"
161,Corona,159567,157136,+1.55%,39.9 sq mi,103.3 km2,"3,938/sq mi","1,520/km2"
162,Killeen,159172,153095,+3.97%,54.8 sq mi,141.9 km2,"2,794/sq mi","1,079/km2"
163,Hayward,156754,162954,−3.80%,45.8 sq mi,118.6 km2,"3,558/sq mi","1,374/km2"
164,Paterson,156661,159732,−1.92%,8.4 sq mi,21.8 km2,"19,016/sq mi","7,342/km2"
165,Macon[w],156197,157346,−0.73%,249.4 sq mi,645.9 km2,631/sq mi,244/km2
166,Lakewood,156120,155984,+0.09%,43.5 sq mi,112.7 km2,"3,586/sq mi","1,385/km2"
167,Alexandria[m],155525,159467,−2.47%,14.9 sq mi,38.6 km2,"10,702/sq mi","4,132/km2"
168,Roseville,154817,147773,+4.77%,44.1 sq mi,114.2 km2,"3,351/sq mi","1,294/km2"
169,Surprise,154198,143148,+7.72%,110.3 sq mi,285.7 km2,"1,298/sq mi",501/km2
170,Springfield,154064,155929,−1.20%,31.9 sq mi,82.6 km2,"4,888/sq mi","1,887/km2"
171,Charleston,153672,150227,+2.29%,114.8 sq mi,297.3 km2,"1,309/sq mi",505/km2
172,Kansas City[x],153345,156607,−2.08%,124.7 sq mi,323.0 km2,"1,256/sq mi",485/km2
173,Sunnyvale,153091,155805,−1.74%,22.1 sq mi,57.2 km2,"7,050/sq mi","2,720/km2"
174,Bellevue,152767,151854,+0.60%,33.5 sq mi,86.8 km2,"4,533/sq mi","1,750/km2"
175,Hollywood,152650,153067,−0.27%,27.3 sq mi,70.7 km2,"5,607/sq mi","2,165/km2"
176,Denton,150353,139869,+7.50%,96.4 sq mi,249.7 km2,"1,451/sq mi",560/km2
177,Escondido,150270,151038,−0.51%,37.3 sq mi,96.6 km2,"4,049/sq mi","1,563/km2"
178,Joliet,150033,150362,−0.22%,64.5 sq mi,167.1 km2,"2,331/sq mi",900/km2
179,Naperville,149936,149540,+0.26%,39.1 sq mi,101.3 km2,"3,825/sq mi","1,477/km2"
180,Bridgeport,148377,148654,−0.19%,16.1 sq mi,41.7 km2,"9,233/sq mi","3,565/km2"
181,Savannah,148004,147780,+0.15%,106.8 sq mi,276.6 km2,"1,384/sq mi",534/km2
182,Mesquite,147899,150108,−1.47%,48.5 sq mi,125.6 km2,"3,095/sq mi","1,195/km2"
183,Pasadena,147662,151950,−2.82%,43.7 sq mi,113.2 km2,"3,477/sq mi","1,342/km2"
184,Rockford,146713,148655,−1.31%,64.5 sq mi,167.1 km2,"2,305/sq mi",890/km2
185,Pomona,146017,151713,−3.75%,23.0 sq mi,59.6 km2,"6,596/sq mi","2,547/km2"
186,Jackson,145995,153701,−5.01%,111.7 sq mi,289.3 km2,"1,376/sq mi",531/km2
187,Olathe,145616,141290,+3.06%,61.9 sq mi,160.3 km2,"2,283/sq mi",881/km2
188,Gainesville,145214,141085,+2.93%,63.2 sq mi,163.7 km2,"2,232/sq mi",862/km2
189,McAllen,144579,142210,+1.67%,62.3 sq mi,161.4 km2,"2,283/sq mi",881/km2
190,Syracuse,144451,148620,−2.81%,25.1 sq mi,65.0 km2,"5,921/sq mi","2,286/km2"
191,Waco,143984,138486,+3.97%,88.7 sq mi,229.7 km2,"1,561/sq mi",603/km2
192,Visalia,143966,141384,+1.83%,37.9 sq mi,98.2 km2,"3,730/sq mi","1,440/km2"
193,Thornton,143282,141867,+1.00%,35.9 sq mi,93.0 km2,"3,952/sq mi","1,526/km2"
194,Torrance,141126,147067,−4.04%,20.5 sq mi,53.1 km2,"7,174/sq mi","2,770/km2"
195,Fullerton,140541,143617,−2.14%,22.4 sq mi,58.0 km2,"6,411/sq mi","2,475/km2"
196,Columbia,139698,136632,+2.24%,136.8 sq mi,354.3 km2,999/sq mi,386/km2
197,Lakewood,139506,135158,+3.22%,24.7 sq mi,64.0 km2,"5,472/sq mi","2,113/km2"
198,New Haven,138915,134023,+3.65%,18.7 sq mi,48.4 km2,"7,167/sq mi","2,767/km2"
199,Hampton[m],138037,137148,+0.65%,51.5 sq mi,133.4 km2,"2,663/sq mi","1,028/km2"
200,Miramar,137228,134721,+1.86%,28.9 sq mi,74.9 km2,"4,662/sq mi","1,800/km2"
201,Victorville,137221,134810,+1.79%,73.7 sq mi,190.9 km2,"1,829/sq mi",706/km2
202,Warren,137107,139387,−1.64%,34.4 sq mi,89.1 km2,"4,052/sq mi","1,564/km2"
203,West Valley City,136650,140230,−2.55%,35.8 sq mi,92.7 km2,"3,917/sq mi","1,512/km2"
204,Cedar Rapids,136429,137710,−0.93%,72.1 sq mi,186.7 km2,"1,910/sq mi",740/km2
205,Stamford,136188,135470,+0.53%,37.6 sq mi,97.4 km2,"3,603/sq mi","1,391/km2"
206,Orange,136178,139911,−2.67%,25.7 sq mi,66.6 km2,"5,444/sq mi","2,102/km2"
207,Dayton,135944,137644,−1.24%,55.8 sq mi,144.5 km2,"2,467/sq mi",953/km2
208,Midland,134444,132524,+1.45%,75.5 sq mi,195.5 km2,"1,755/sq mi",678/km2
209,Kent,134392,136588,−1.61%,33.8 sq mi,87.5 km2,"4,041/sq mi","1,560/km2"
210,Elizabeth,134283,137298,−2.20%,12.3 sq mi,31.9 km2,"11,162/sq mi","4,310/km2"
211,Pasadena,134211,138699,−3.24%,23.0 sq mi,59.6 km2,"6,030/sq mi","2,330/km2"
212,Carrollton,133820,133434,+0.29%,36.7 sq mi,95.1 km2,"3,636/sq mi","1,404/km2"
213,Coral Springs,133369,134394,−0.76%,22.9 sq mi,59.3 km2,"5,869/sq mi","2,266/km2"
214,Sterling Heights,132567,134346,−1.32%,36.4 sq mi,94.3 km2,"3,691/sq mi","1,425/km2"
215,Fargo,131444,125990,+4.33%,49.8 sq mi,129.0 km2,"2,530/sq mi",980/km2
216,Lewisville,131215,111822,+17.34%,37.0 sq mi,95.8 km2,"3,022/sq mi","1,167/km2"
217,Meridian,129736,117635,+10.29%,35.1 sq mi,90.9 km2,"3,351/sq mi","1,294/km2"
218,Norman,129627,128026,+1.25%,178.8 sq mi,463.1 km2,716/sq mi,276/km2
219,Palm Bay,129234,119760,+7.91%,86.4 sq mi,223.8 km2,"1,386/sq mi",535/km2
220,Athens[y],128561,127315,+0.98%,116.3 sq mi,301.2 km2,"1,095/sq mi",423/km2
221,Columbia,128555,126254,+1.82%,66.5 sq mi,172.2 km2,"1,899/sq mi",733/km2
222,Abilene,127385,125182,+1.76%,106.7 sq mi,276.4 km2,"1,173/sq mi",453/km2
223,Pearland,126949,125828,+0.89%,48.7 sq mi,126.1 km2,"2,584/sq mi",998/km2
224,Santa Clara,126930,127647,−0.56%,18.3 sq mi,47.4 km2,"6,975/sq mi","2,693/km2"
225,Round Rock,126697,119468,+6.05%,37.6 sq mi,97.4 km2,"3,177/sq mi","1,227/km2"
226,Topeka,125449,126587,−0.90%,61.4 sq mi,159.0 km2,"2,062/sq mi",796/km2
227,Allentown,125094,125845,−0.60%,17.6 sq mi,45.6 km2,"7,150/sq mi","2,760/km2"
228,Clovis,124556,120124,+3.69%,25.4 sq mi,65.8 km2,"4,729/sq mi","1,826/km2"
229,Simi Valley,124398,126356,−1.55%,41.5 sq mi,107.5 km2,"3,045/sq mi","1,176/km2"
230,College Station,124319,120511,+3.16%,51.2 sq mi,132.6 km2,"2,354/sq mi",909/km2
231,Thousand Oaks,124265,126966,−2.13%,55.3 sq mi,143.2 km2,"2,296/sq mi",886/km2
232,Vallejo,123564,126090,−2.00%,30.4 sq mi,78.7 km2,"4,148/sq mi","1,602/km2"
233,Concord,122625,125410,−2.22%,30.6 sq mi,79.3 km2,"4,098/sq mi","1,582/km2"
234,Rochester,121878,121395,+0.40%,55.5 sq mi,143.7 km2,"2,187/sq mi",844/km2
235,Arvada,121581,124402,−2.27%,38.9 sq mi,100.8 km2,"3,198/sq mi","1,235/km2"
236,Lafayette[z],121389,121374,+0.01%,55.8 sq mi,144.5 km2,"2,175/sq mi",840/km2
237,Independence,121202,123011,−1.47%,78.0 sq mi,202.0 km2,"1,577/sq mi",609/km2
238,West Palm Beach,120932,117415,+3.00%,53.8 sq mi,139.3 km2,"2,182/sq mi",842/km2
239,Hartford,120686,121054,−0.30%,17.4 sq mi,45.1 km2,"6,957/sq mi","2,686/km2"
240,Wilmington,120324,115451,+4.22%,51.4 sq mi,133.1 km2,"2,246/sq mi",867/km2
241,Lakeland,120071,112641,+6.60%,66.2 sq mi,171.5 km2,"1,702/sq mi",657/km2
242,Billings,119960,117116,+2.43%,44.8 sq mi,116.0 km2,"2,614/sq mi","1,009/km2"
243,Ann Arbor,119875,123851,−3.21%,28.2 sq mi,73.0 km2,"4,392/sq mi","1,696/km2"
244,Fairfield,119338,119881,−0.45%,41.6 sq mi,107.7 km2,"2,882/sq mi","1,113/km2"
245,Berkeley,118950,124321,−4.32%,10.4 sq mi,26.9 km2,"11,954/sq mi","4,615/km2"
246,Richardson,118802,119469,−0.56%,28.6 sq mi,74.1 km2,"4,177/sq mi","1,613/km2"
247,North Charleston,118608,114852,+3.27%,77.6 sq mi,201.0 km2,"1,480/sq mi",570/km2
248,Cambridge,118488,118403,+0.07%,6.4 sq mi,16.6 km2,"18,500/sq mi","7,100/km2"
249,Broken Arrow,117911,113540,+3.85%,63.0 sq mi,163.2 km2,"1,802/sq mi",696/km2
250,Clearwater,117027,117292,−0.23%,26.1 sq mi,67.6 km2,"4,494/sq mi","1,735/km2"
251,West Jordan,116664,116961,−0.25%,32.3 sq mi,83.7 km2,"3,621/sq mi","1,398/km2"
252,Evansville,115749,117298,−1.32%,47.4 sq mi,122.8 km2,"2,475/sq mi",956/km2
253,League City,115418,114392,+0.90%,51.3 sq mi,132.9 km2,"2,230/sq mi",860/km2
254,Antioch,115264,115291,−0.02%,29.2 sq mi,75.6 km2,"3,948/sq mi","1,524/km2"
255,Manchester,115141,115644,−0.43%,33.1 sq mi,85.7 km2,"3,494/sq mi","1,349/km2"
256,High Point,115067,114059,+0.88%,56.4 sq mi,146.1 km2,"2,022/sq mi",781/km2
257,Waterbury,115016,114403,+0.54%,28.5 sq mi,73.8 km2,"4,014/sq mi","1,550/km2"
258,Westminster,114533,116317,−1.53%,31.6 sq mi,81.8 km2,"3,681/sq mi","1,421/km2"
259,Richmond,114301,116448,−1.84%,30.1 sq mi,78.0 km2,"3,869/sq mi","1,494/km2"
260,Carlsbad,114160,114746,−0.51%,37.8 sq mi,97.9 km2,"3,036/sq mi","1,172/km2"
261,Las Cruces,113888,111385,+2.25%,76.9 sq mi,199.2 km2,"1,448/sq mi",559/km2
262,Murrieta,113783,110949,+2.55%,33.6 sq mi,87.0 km2,"3,302/sq mi","1,275/km2"
263,Lowell,113608,115554,−1.68%,13.6 sq mi,35.2 km2,"8,497/sq mi","3,281/km2"
264,Provo,113523,115162,−1.42%,41.7 sq mi,108.0 km2,"2,762/sq mi","1,066/km2"
265,Springfield,113273,114394,−0.98%,61.1 sq mi,158.2 km2,"1,872/sq mi",723/km2
266,Elgin,113177,114797,−1.41%,38.0 sq mi,98.4 km2,"3,021/sq mi","1,166/km2"
267,Odessa,112906,114428,−1.33%,51.1 sq mi,132.3 km2,"2,239/sq mi",864/km2
268,Lansing,112537,112644,−0.09%,39.1 sq mi,101.3 km2,"2,881/sq mi","1,112/km2"
269,Pompano Beach,112302,112046,+0.23%,24.0 sq mi,62.2 km2,"4,669/sq mi","1,803/km2"
270,Beaumont,112089,115282,−2.77%,82.5 sq mi,213.7 km2,"1,397/sq mi",539/km2
271,Temecula,111752,110003,+1.59%,37.3 sq mi,96.6 km2,"2,949/sq mi","1,139/km2"
272,Gresham,111621,114247,−2.30%,23.5 sq mi,60.9 km2,"4,862/sq mi","1,877/km2"
273,Allen,111551,104627,+6.62%,26.4 sq mi,68.4 km2,"3,963/sq mi","1,530/km2"
274,Pueblo,111456,111876,−0.38%,55.4 sq mi,143.5 km2,"2,019/sq mi",780/km2
275,Everett,111337,110629,+0.64%,33.2 sq mi,86.0 km2,"3,332/sq mi","1,286/km2"
276,South Fulton,111158,107436,+3.46%,85.2 sq mi,220.7 km2,"1,261/sq mi",487/km2
277,Peoria,111021,113150,−1.88%,48.0 sq mi,124.3 km2,"2,357/sq mi",910/km2
278,Nampa,110951,100200,+10.73%,33.5 sq mi,86.8 km2,"2,991/sq mi","1,155/km2"
279,Tuscaloosa,110602,99600,+11.05%,61.9 sq mi,160.3 km2,"1,609/sq mi",621/km2
280,Miami Gardens,110497,111640,−1.02%,18.2 sq mi,47.1 km2,"6,134/sq mi","2,368/km2"
281,Santa Maria,110125,109707,+0.38%,22.8 sq mi,59.1 km2,"4,812/sq mi","1,858/km2"
282,Downey,109934,114355,−3.87%,12.4 sq mi,32.1 km2,"9,222/sq mi","3,561/km2"
283,Concord,109896,105240,+4.42%,63.5 sq mi,164.5 km2,"1,657/sq mi",640/km2
284,Ventura[aa],109527,110763,−1.12%,21.9 sq mi,56.7 km2,"5,058/sq mi","1,953/km2"
285,Costa Mesa,109521,111918,−2.14%,15.8 sq mi,40.9 km2,"7,083/sq mi","2,735/km2"
286,Sugar Land,109414,111026,−1.45%,40.5 sq mi,104.9 km2,"2,741/sq mi","1,058/km2"
287,Menifee,109399,102527,+6.70%,46.5 sq mi,120.4 km2,"2,205/sq mi",851/km2
288,Tyler,109286,105995,+3.10%,57.5 sq mi,148.9 km2,"1,843/sq mi",712/km2
289,Sparks,109226,108445,+0.72%,36.4 sq mi,94.3 km2,"2,979/sq mi","1,150/km2"
290,Greeley,109209,108795,+0.38%,48.9 sq mi,126.7 km2,"2,225/sq mi",859/km2
291,Rio Rancho,108082,104046,+3.88%,103.4 sq mi,267.8 km2,"1,006/sq mi",388/km2
292,Sandy Springs,107763,108080,−0.29%,37.7 sq mi,97.6 km2,"2,867/sq mi","1,107/km2"
293,Dearborn,107710,109976,−2.06%,24.2 sq mi,62.7 km2,"4,544/sq mi","1,754/km2"
294,Jurupa Valley,107609,105053,+2.43%,42.9 sq mi,111.1 km2,"2,449/sq mi",946/km2
295,Edison,107361,107588,−0.21%,30.1 sq mi,78.0 km2,"3,574/sq mi","1,380/km2"
296,Spokane Valley,107325,102976,+4.22%,37.7 sq mi,97.6 km2,"2,731/sq mi","1,054/km2"
297,Hillsboro,107299,106447,+0.80%,25.7 sq mi,66.6 km2,"4,142/sq mi","1,599/km2"
298,Davie,106513,105691,+0.78%,34.9 sq mi,90.4 km2,"3,028/sq mi","1,169/km2"
299,Green Bay,106095,107395,−1.21%,45.5 sq mi,117.8 km2,"2,360/sq mi",910/km2
300,Centennial,105865,108418,−2.35%,29.7 sq mi,76.9 km2,"3,650/sq mi","1,410/km2"
301,Buckeye,105567,91502,+15.37%,393.0 sq mi,"1,017.9 km2",233/sq mi,90/km2
302,Boulder,105485,108250,−2.55%,26.3 sq mi,68.1 km2,"4,116/sq mi","1,589/km2"
303,Goodyear,105406,95294,+10.61%,191.3 sq mi,495.5 km2,498/sq mi,192/km2
304,El Monte,105312,109450,−3.78%,9.6 sq mi,24.9 km2,"11,401/sq mi","4,402/km2"
305,West Covina,105013,109501,−4.10%,16.0 sq mi,41.4 km2,"6,844/sq mi","2,642/km2"
306,Brockton,104826,105643,−0.77%,21.3 sq mi,55.2 km2,"4,960/sq mi","1,920/km2"
307,New Braunfels,104707,90403,+15.82%,45.2 sq mi,117.1 km2,"2,000/sq mi",770/km2
308,El Cajon,104414,106215,−1.70%,14.5 sq mi,37.6 km2,"7,325/sq mi","2,828/km2"
309,Edinburg,104294,100243,+4.04%,44.7 sq mi,115.8 km2,"2,243/sq mi",866/km2
310,Renton,104047,106785,−2.56%,23.5 sq mi,60.9 km2,"4,544/sq mi","1,754/km2"
311,Burbank,103920,107337,−3.18%,17.3 sq mi,44.8 km2,"6,204/sq mi","2,395/km2"
312,Inglewood,103621,107762,−3.84%,9.1 sq mi,23.6 km2,"11,842/sq mi","4,572/km2"
313,Rialto,103545,104026,−0.46%,24.1 sq mi,62.4 km2,"4,316/sq mi","1,666/km2"
314,Lee's Summit,103465,101108,+2.33%,63.9 sq mi,165.5 km2,"1,582/sq mi",611/km2
315,Bend,103254,99178,+4.11%,33.6 sq mi,87.0 km2,"2,952/sq mi","1,140/km2"
316,Woodbridge,103229,103639,−0.40%,23.3 sq mi,60.3 km2,"4,448/sq mi","1,717/km2"
317,South Bend,103110,103453,−0.33%,42.0 sq mi,108.8 km2,"2,463/sq mi",951/km2
318,Wichita Falls,102664,102316,+0.34%,72.0 sq mi,186.5 km2,"1,421/sq mi",549/km2
319,St. George,102519,95342,+7.53%,78.5 sq mi,203.3 km2,"1,215/sq mi",469/km2
320,Fishers,101966,98977,+3.02%,35.6 sq mi,92.2 km2,"2,780/sq mi","1,070/km2"
321,Carmel,101964,99757,+2.21%,49.1 sq mi,127.2 km2,"2,032/sq mi",785/km2
322,Vacaville,101918,102386,−0.46%,29.9 sq mi,77.4 km2,"3,424/sq mi","1,322/km2"
323,Quincy,101727,101636,+0.09%,16.6 sq mi,43.0 km2,"6,123/sq mi","2,364/km2"
324,Conroe,101405,89956,+12.73%,72.0 sq mi,186.5 km2,"1,249/sq mi",482/km2
325,Chico,101299,101475,−0.17%,34.1 sq mi,88.3 km2,"2,976/sq mi","1,149/km2"
326,San Mateo,100984,105661,−4.43%,12.1 sq mi,31.3 km2,"8,732/sq mi","3,371/km2"
327,Lynn,100891,101253,−0.36%,10.7 sq mi,27.7 km2,"9,463/sq mi","3,654/km2"
328,Albany,100826,99224,+1.61%,21.4 sq mi,55.4 km2,"4,637/sq mi","1,790/km2"
329,Hesperia,100744,99818,+0.93%,72.7 sq mi,188.3 km2,"1,373/sq mi",530/km2
330,New Bedford,100682,101079,−0.39%,20.0 sq mi,51.8 km2,"5,054/sq mi","1,951/km2"
331,Davenport,100486,101724,−1.22%,63.8 sq mi,165.2 km2,"1,594/sq mi",615/km2
332,Daly City,100007,104901,−4.67%,7.6 sq mi,19.7 km2,"13,803/sq mi","5,329/km2"
